/*
 Navicat Premium Data Transfer

 Source Server         : 127.0.0.1
 Source Server Type    : MySQL
 Source Server Version : 80022
 Source Host           : 127.0.0.1:3306
 Source Schema         : shiro

 Target Server Type    : MySQL
 Target Server Version : 80022
 File Encoding         : 65001

 Date: 09/04/2021 10:47:39
*/

SET NAMES utf8mb4;
SET FOREIGN_KEY_CHECKS = 0;

-- ----------------------------
-- Table structure for permission
-- ----------------------------
DROP TABLE IF EXISTS `permission`;
CREATE TABLE `permission`  (
  `permission_id` int NOT NULL,
  `permission` varchar(255) CHARACTER SET utf8 COLLATE utf8_general_ci NULL DEFAULT NULL,
  `permission_name` varchar(255) CHARACTER SET utf8 COLLATE utf8_general_ci NULL DEFAULT NULL,
  PRIMARY KEY (`permission_id`) USING BTREE
) ENGINE = InnoDB CHARACTER SET = utf8 COLLATE = utf8_general_ci ROW_FORMAT = Dynamic;

-- ----------------------------
-- Records of permission
-- ----------------------------
INSERT INTO `permission` VALUES (1, 'select', '查看');
INSERT INTO `permission` VALUES (2, 'update', '更新');
INSERT INTO `permission` VALUES (3, 'delete', '删除');
INSERT INTO `permission` VALUES (4, 'save', '新增');

-- ----------------------------
-- Table structure for role
-- ----------------------------
DROP TABLE IF EXISTS `role`;
CREATE TABLE `role`  (
  `role_id` int NOT NULL,
  `role_name` varchar(255) CHARACTER SET utf8 COLLATE utf8_general_ci NULL DEFAULT NULL,
  PRIMARY KEY (`role_id`) USING BTREE
) ENGINE = InnoDB CHARACTER SET = utf8 COLLATE = utf8_general_ci ROW_FORMAT = Dynamic;

-- ----------------------------
-- Records of role
-- ----------------------------
INSERT INTO `role` VALUES (1, 'svip');
INSERT INTO `role` VALUES (2, 'vip');
INSERT INTO `role` VALUES (3, 'p');

-- ----------------------------
-- Table structure for role_permission
-- ----------------------------
DROP TABLE IF EXISTS `role_permission`;
CREATE TABLE `role_permission`  (
  `role_id` int NOT NULL,
  `permission_id` int NOT NULL,
  PRIMARY KEY (`role_id`, `permission_id`) USING BTREE,
  INDEX `FKf8yllw1ecvwqy3ehyxawqa1qp`(`permission_id`) USING BTREE,
  CONSTRAINT `FKa6jx8n8xkesmjmv6jqug6bg68` FOREIGN KEY (`role_id`) REFERENCES `role` (`role_id`) ON DELETE RESTRICT ON UPDATE RESTRICT,
  CONSTRAINT `FKf8yllw1ecvwqy3ehyxawqa1qp` FOREIGN KEY (`permission_id`) REFERENCES `permission` (`permission_id`) ON DELETE RESTRICT ON UPDATE RESTRICT
) ENGINE = InnoDB CHARACTER SET = utf8 COLLATE = utf8_general_ci ROW_FORMAT = Dynamic;

-- ----------------------------
-- Records of role_permission
-- ----------------------------
INSERT INTO `role_permission` VALUES (1, 1);
INSERT INTO `role_permission` VALUES (2, 1);
INSERT INTO `role_permission` VALUES (3, 1);
INSERT INTO `role_permission` VALUES (1, 2);
INSERT INTO `role_permission` VALUES (2, 2);
INSERT INTO `role_permission` VALUES (1, 3);
INSERT INTO `role_permission` VALUES (1, 4);
INSERT INTO `role_permission` VALUES (2, 4);

-- ----------------------------
-- Table structure for sys_token
-- ----------------------------
DROP TABLE IF EXISTS `sys_token`;
CREATE TABLE `sys_token`  (
  `user_id` int NOT NULL,
  `expire_time` datetime(0) NULL DEFAULT NULL,
  `token` varchar(255) CHARACTER SET utf8 COLLATE utf8_general_ci NULL DEFAULT NULL,
  `update_time` datetime(0) NULL DEFAULT NULL,
  PRIMARY KEY (`user_id`) USING BTREE
) ENGINE = InnoDB CHARACTER SET = utf8 COLLATE = utf8_general_ci ROW_FORMAT = Dynamic;

-- ----------------------------
-- Records of sys_token
-- ----------------------------
INSERT INTO `sys_token` VALUES (2, '2021-01-05 04:26:34', '817e647bb420620303a60aca4845ab9a', '2021-01-04 16:26:34');

-- ----------------------------
-- Table structure for user
-- ----------------------------
DROP TABLE IF EXISTS `user`;
CREATE TABLE `user`  (
  `user_id` int NOT NULL,
  `password` varchar(255) CHARACTER SET utf8 COLLATE utf8_general_ci NULL DEFAULT NULL,
  `username` varchar(255) CHARACTER SET utf8 COLLATE utf8_general_ci NULL DEFAULT NULL,
  PRIMARY KEY (`user_id`) USING BTREE
) ENGINE = InnoDB CHARACTER SET = utf8 COLLATE = utf8_general_ci ROW_FORMAT = Dynamic;

-- ----------------------------
-- Records of user
-- ----------------------------
INSERT INTO `user` VALUES (1, '123', 'Jack');
INSERT INTO `user` VALUES (2, '123', 'Rose');
INSERT INTO `user` VALUES (3, '123', 'Paul');

-- ----------------------------
-- Table structure for user_role
-- ----------------------------
DROP TABLE IF EXISTS `user_role`;
CREATE TABLE `user_role`  (
  `user_id` int NOT NULL,
  `role_id` int NOT NULL,
  PRIMARY KEY (`user_id`, `role_id`) USING BTREE,
  INDEX `FKa68196081fvovjhkek5m97n3y`(`role_id`) USING BTREE,
  CONSTRAINT `FK859n2jvi8ivhui0rl0esws6o` FOREIGN KEY (`user_id`) REFERENCES `user` (`user_id`) ON DELETE RESTRICT ON UPDATE RESTRICT,
  CONSTRAINT `FKa68196081fvovjhkek5m97n3y` FOREIGN KEY (`role_id`) REFERENCES `role` (`role_id`) ON DELETE RESTRICT ON UPDATE RESTRICT
) ENGINE = InnoDB CHARACTER SET = utf8 COLLATE = utf8_general_ci ROW_FORMAT = Dynamic;

-- ----------------------------
-- Records of user_role
-- ----------------------------
INSERT INTO `user_role` VALUES (1, 1);
INSERT INTO `user_role` VALUES (2, 2);
INSERT INTO `user_role` VALUES (3, 3);

SET FOREIGN_KEY_CHECKS = 1;
